<?xml version="1.0" encoding="UTF-8"?>
<project-private xmlns="http://www.netbeans.org/ns/project-private/1">
    <editor-bookmarks xmlns="http://www.netbeans.org/ns/editor-bookmarks/2" lastBookmarkId="0"/>
    <open-files xmlns="http://www.netbeans.org/ns/projectui-open-files/2">
        <group>
            <file>file:/C:/Users/MOUHAMED%20NIANG/Desktop/Gestion_clinique/src/services/service.java</file>
            <file>file:/C:/Users/MOUHAMED%20NIANG/Desktop/Gestion_clinique/src/view/IncriptionController.java</file>
            <file>file:/C:/Users/MOUHAMED%20NIANG/Desktop/Gestion_clinique/src/entities/Inscription.java</file>
            <file>file:/C:/Users/MOUHAMED%20NIANG/Desktop/Gestion_clinique/src/dao/PatientDao.java</file>
            <file>file:/C:/Users/MOUHAMED%20NIANG/Desktop/Gestion_clinique/src/view/v_inscription.fxml</file>
            <file>file:/C:/Users/MOUHAMED%20NIANG/Desktop/Gestion_clinique/src/Main/Main.java</file>
            <file>file:/C:/Users/MOUHAMED%20NIANG/Desktop/Gestion_clinique/src/view/v_home.fxml</file>
            <file>file:/C:/Users/MOUHAMED%20NIANG/Desktop/Gestion_clinique/src/dao/InscriptionDao.java</file>
            <file>file:/C:/Users/MOUHAMED%20NIANG/Desktop/Gestion_clinique/src/images/icons8_XING_100px.png</file>
        </group>
    </open-files>
</project-private>
